<?xml version="1.0" encoding="UTF-8"?>
<channel><item><slug><![CDATA[pasowanie-na-ucznia]]></slug><title><![CDATA[Pasowanie na ucznia]]></title><date><![CDATA[Mon, 03 Jun 2019 07:51:56 +0200]]></date><tags><![CDATA[wydarzenie]]></tags><private><![CDATA[]]></private><image><![CDATA[]]></image></item><item><slug><![CDATA[rozpoczecie-roku-szkolnego]]></slug><title><![CDATA[Rozpoczęcie roku szkolnego]]></title><date><![CDATA[Mon, 03 Jun 2019 07:50:22 +0200]]></date><tags><![CDATA[wydarzenie]]></tags><private><![CDATA[]]></private><image><![CDATA[]]></image></item></channel>
