<?xml version="1.0" encoding="UTF-8"?>
<item><pubDate>Mon, 27 May 2019 08:38:06 +0200</pubDate><title><![CDATA[archiwum2017/18]]></title><url><![CDATA[archiwum201718]]></url><meta><![CDATA[]]></meta><metad><![CDATA[]]></metad><menu><![CDATA[archiwum2017/18]]></menu><menuOrder><![CDATA[0]]></menuOrder><menuStatus><![CDATA[Y]]></menuStatus><template><![CDATA[template.php]]></template><parent><![CDATA[archiwum]]></parent><content><![CDATA[]]></content><private><![CDATA[]]></private><author><![CDATA[admin]]></author></item>
