<?xml version="1.0" encoding="UTF-8"?>
<channel><item><pubDate><![CDATA[Mon, 20 May 2019 07:46:31 +0200]]></pubDate><title><![CDATA[Archiwum 2018/17]]></title><url><![CDATA[archiwum-201817]]></url><meta><![CDATA[]]></meta><metad><![CDATA[]]></metad><menu><![CDATA[archiwum 2018/17]]></menu><menuStatus><![CDATA[Y]]></menuStatus><template><![CDATA[template.php]]></template><parent><![CDATA[archiwum]]></parent><private><![CDATA[]]></private><author><![CDATA[admin]]></author><menuOrder><![CDATA[1]]></menuOrder><slug><![CDATA[archiwum-201817]]></slug><filename><![CDATA[archiwum-201817.xml]]></filename></item><item><pubDate><![CDATA[Mon, 29 Apr 2019 08:25:56 +0200]]></pubDate><title><![CDATA[Witaj na naszej stronie]]></title><url><![CDATA[index]]></url><meta><![CDATA[getsimple, easy, content management system]]></meta><metad><![CDATA[]]></metad><menu><![CDATA[Home]]></menu><menuStatus><![CDATA[Y]]></menuStatus><template><![CDATA[template.php]]></template><parent><![CDATA[]]></parent><private><![CDATA[]]></private><author><![CDATA[admin]]></author><menuOrder><![CDATA[0]]></menuOrder><slug><![CDATA[index]]></slug><filename><![CDATA[index.xml]]></filename></item><item><pubDate><![CDATA[Mon, 20 May 2019 07:45:01 +0200]]></pubDate><title><![CDATA[Archiwum]]></title><url><![CDATA[archiwum]]></url><meta><![CDATA[]]></meta><metad><![CDATA[]]></metad><menu><![CDATA[Archiwum]]></menu><menuStatus><![CDATA[Y]]></menuStatus><template><![CDATA[template.php]]></template><parent><![CDATA[]]></parent><private><![CDATA[]]></private><author><![CDATA[admin]]></author><menuOrder><![CDATA[2]]></menuOrder><slug><![CDATA[archiwum]]></slug><filename><![CDATA[archiwum.xml]]></filename></item><item><pubDate><![CDATA[Mon, 29 Apr 2019 08:26:18 +0200]]></pubDate><title><![CDATA[Aktualności]]></title><url><![CDATA[aktualnosci]]></url><meta><![CDATA[]]></meta><metad><![CDATA[]]></metad><menu><![CDATA[Aktualności]]></menu><menuStatus><![CDATA[Y]]></menuStatus><template><![CDATA[template.php]]></template><parent><![CDATA[]]></parent><private><![CDATA[]]></private><author><![CDATA[admin]]></author><menuOrder><![CDATA[1]]></menuOrder><slug><![CDATA[aktualnosci]]></slug><filename><![CDATA[aktualnosci.xml]]></filename></item><item><pubDate><![CDATA[Mon, 27 May 2019 08:38:06 +0200]]></pubDate><title><![CDATA[archiwum2017/18]]></title><url><![CDATA[archiwum201718]]></url><meta><![CDATA[]]></meta><metad><![CDATA[]]></metad><menu><![CDATA[archiwum2017/18]]></menu><menuOrder><![CDATA[0]]></menuOrder><menuStatus><![CDATA[Y]]></menuStatus><template><![CDATA[template.php]]></template><parent><![CDATA[archiwum]]></parent><private><![CDATA[]]></private><author><![CDATA[admin]]></author><slug><![CDATA[archiwum201718]]></slug><filename><![CDATA[archiwum201718.xml]]></filename></item></channel>
